longitude,latitude,depth
72.47946590135848,10.923555539338148,6.472159379436872
72.52493109807514,10.803783974134161,17.566251364553167
72.50581534725313,10.840683221596905,13.135519330650862
72.53121610411961,10.8304838234644,3.9747453693902246
72.63557178853367,10.756322575922313,9.42161875861934
72.63133534165516,10.82394434923175,5.891420539495754
72.49107308059206,10.940183823844377,4.748381127681741
72.63471976521815,10.788250847001699,21.567942247542906
72.4780595478037,10.883061837857545,4.28443400275368
72.41134751083752,10.803273678529358,7.558155966247294
72.36902848612075,10.760279324808721,18.711030385609373
72.49525085285683,10.935803530719213,15.249956043914224
72.4677474898077,10.864634183767759,29.230169639980076
72.38614288116885,10.896355134491083,9.018902484825453
72.54323901581365,10.883866657400203,5.757916679533366
72.48847621569433,10.78052819412151,25.702253174439804
72.52608726938354,10.77736970607333,7.888656326949619
72.64447124732904,10.80565883577163,12.310600164782517
72.39234075199941,10.864599404597026,28.223633257834965
72.39800891262753,10.82378753876584,23.670107406346503
72.37829082692268,10.812255478700713,7.641346021378431
72.51481710024409,10.877196943441218,19.583472948184173
72.37419701284959,10.797190470421342,4.518762452956979
72.38694230087226,10.776892171578332,17.84573694458742
72.5494394997637,10.865666155806045,8.59991386502848
72.44216056165921,10.922955244577018,7.5813977569385
72.58683170950253,10.885323321198298,29.77400806382026
72.60105368182987,10.763708154777285,19.829192477222364
72.47729589700323,10.787520140457362,16.59200035633943
72.36069218956322,10.7721598469188,1.866657476944572
72.4999180214826,10.792192104506265,6.49369433336204
72.49660370806127,10.8567581647078,6.212352898263454
72.52286151466127,10.834331289576832,15.502871976810928
72.38053436690242,10.85391882437883,23.773625193517987
72.50457465915827,10.810738264669375,13.383806159140615
72.55309065333381,10.910718123806243,5.8001812601313585
72.55627056654009,10.80062261494494,8.628053870909053
72.43456850466104,10.917862261335424,27.889395615136625
72.62587159649675,10.836989592227454,24.50824917089242
72.63152585464726,10.854305205111649,5.617779640251862
72.56984928804461,10.844344223560146,26.462216481298483
72.55855519066765,10.772401449855767,24.532132517939598
72.4816505481075,10.915805927952599,12.09727926315965
72.54860607332951,10.805349327732234,12.55126353207394
72.43867324456625,10.7515671876109,16.630671863785327
72.3946872618905,10.803186990402367,12.892361527685434
72.47014370436588,10.766534599918712,28.45868923309539
72.47345180779867,10.868578773964689,20.13476315335478
72.54104389736912,10.83870891671288,5.659557993762848
72.59278274885682,10.818528605176228,23.86630169323911
72.62154195654234,10.78229930591719,12.857738481843755
72.53738183664433,10.770172973649622,3.6674989823667845
72.52978785290065,10.765114006289098,21.693062003343663
72.45133623459806,10.761043999170328,20.17254648248261
72.60255021913247,10.82922603701578,11.787378963427889
72.42871769135722,10.842803664930921,8.038407646483327
72.54558841049621,10.934978088747572,10.782688652641992
72.62616590346921,10.837848424538507,12.873707349274545
72.5128863993516,10.910265610924379,20.51680486429996
72.51170828298524,10.861865614388234,22.18732548349972
72.51591306862272,10.848296444174775,8.471977488034527
72.41960876079446,10.934234223471208,15.424691184271014
72.51092749305212,10.93426240395208,6.383561597828105
72.46555852377072,10.896275287154047,27.819145856844877
72.51396847139836,10.934741029380532,19.8057590448387
72.5710147709308,10.797713081558435,18.77124125825639
72.4865063795688,10.820132932327363,29.37684150157934
72.60755966038585,10.80854972332112,14.661327207317528
72.5395963753036,10.910822261085709,0.46307877904298134
72.45070302433199,10.907595709991378,26.55541683250372
72.42264318415688,10.871398762930708,25.98370668569529
72.5784804048409,10.831563227625958,18.034999780909924
72.36730078019569,10.863502891107542,5.8444946063272045
72.55745053839684,10.779420608327774,2.1843942592194674
72.52030523930893,10.916853788749393,25.268673391209806
72.4780686229896,10.875622278955278,1.4775173105383832
72.47573446170156,10.777874113116122,0.05017599319845578
72.57640716598496,10.932286461847589,3.647152307147209
72.49923928854678,10.942208373789194,16.997942454428635
72.39049917720541,10.759241172081113,21.422308395079344
72.5944383767358,10.855136933110039,22.936243052059353
72.42233012773482,10.78928291375656,22.51485644091682
72.35435062442608,10.82904809073824,29.425198226614803
72.57179588293432,10.865446956388574,1.4457297479694131
72.47633272882618,10.840374873631896,5.907303476553949
72.61300959223912,10.75252383715306,2.2536782807028652
72.48437231432776,10.825843436582746,14.127918722506154
72.58203850766914,10.808690437163092,28.465924276752773
72.58869395348482,10.784854964023324,2.6925496657076566
72.61025383177221,10.811134253257347,20.16561626852566
72.62590061772974,10.833661259826767,28.018756274020628
72.56364649721722,10.895258148266123,7.475559897273247
72.43031608616126,10.853102681617587,4.080953073301773
72.4134003668408,10.763855754389931,6.45174810209593
72.39527618072452,10.799729238257848,9.892801914635864
72.46571729866444,10.849373340372193,3.6322443120959735
72.46800625248865,10.865984783876735,14.696261991450983
72.45365708115278,10.854584779523943,8.56746799684048
72.37733331280329,10.923495558940578,23.09818165006161
72.44962344690565,10.929901819704268,5.668123664725479
72.55223940702072,10.908846074873495,0.46476907276792545
72.41711586701719,10.80624307614643,27.69818189936492
72.41116697861638,10.855418100408077,12.45667005824185
72.60031726488137,10.78025686579984,14.343496271874335
72.59914969566233,10.870045551283749,27.697209469122097
72.3776706032135,10.88992291800256,26.998660014452494
72.42689106263371,10.872939968451005,10.134170070957882
72.61168657759244,10.808566098308841,4.8810465543450245
72.63321680072988,10.785429844277683,10.498144210861138
72.61138718643925,10.79453938699097,17.955863879103422
72.45180288546078,10.94314609164143,9.130943451717677
72.55727552142496,10.849060246153169,3.329609459814992
72.48708884084162,10.792854342878854,27.55786554048151
72.50713778600462,10.797655041528987,27.54821820544409
72.38369464629594,10.76180316957784,3.985688806901597
72.44996052450087,10.769067989738856,2.2632172988419077
72.49108028704912,10.871260229068534,5.784414220909965
72.51109971513468,10.829568040431097,22.064844485289083
72.38329944421001,10.844869344779845,11.71447187597041
72.39292491353598,10.928039869479942,14.862352722350526
72.63851161823335,10.777010080898881,9.544303294601681
72.58039192889686,10.79000203323874,14.306044677779258
72.62794435561607,10.911051511203986,29.596205801597566
72.63451812646065,10.930722729055072,21.88517597579769
72.42799164275979,10.874431011206438,12.54177486564696
72.45421760765736,10.923452233219825,9.959995107886774
72.4564306137152,10.811596590989467,26.421268397930785
72.60720373516612,10.898178943547668,16.502546580096787
72.59735848470713,10.82868107799443,14.082358232550314
72.4069017976967,10.891285898553216,21.064692695325064
72.59354853748879,10.77724377212135,18.132570968801428
72.37480459806207,10.754378538442696,10.766773730801596
72.38242180903725,10.941103775594668,23.81709243775393
72.60152632728418,10.867070440705932,23.620378150292304
72.35531412323262,10.7500390177783,0.4316736150902867
72.60933708355974,10.751692079495418,1.9888050627762244
72.63417929760192,10.800400000580966,29.205951071046837
72.62757646845638,10.919338524949588,13.02475840309707
72.39046338241651,10.914476735596521,8.934397294203114
72.35479323041908,10.897913100990325,16.00306160232023
72.5343423710555,10.870985701191563,6.50782243467341
72.51602037435437,10.873534127324385,11.637233706002048
72.3547958188362,10.764058232415602,10.598610320255009
72.64982115608638,10.94748142849321,9.370011774603816
72.52769981574009,10.803594375196427,9.923357635178055
72.57888794227675,10.947974393202736,16.215980841102777
72.35300784847715,10.940317704937563,18.86360746264502
72.59935176323575,10.908382938926357,21.181480152772245
72.57479227533166,10.835282101374512,0.6455434696149664
72.437652706898,10.873608461895284,24.859912377308692
72.63976131046867,10.860152840732399,25.64730797355609
72.50680588017396,10.924545400959943,20.86671403531202
72.52644819156308,10.922627165026748,8.65627207476888
72.39124537739836,10.77328888823917,29.455032701958412
72.46780968493519,10.89672424614145,4.103149843773374
72.38495978796922,10.914625933877746,26.985323837676848
72.52459057791584,10.945720568107422,17.66662472900403
72.60809052080612,10.859520712573866,0.6098112117367771
72.45240898163242,10.76854931396992,21.069358404352254
72.44677309938075,10.867890555061031,18.237787010470647
72.35417549929618,10.882222310317351,8.892244321887182
72.43433739487355,10.887030498637193,3.4727620269407486
72.50896525231965,10.800995740435944,27.90266036211533
72.62762047986509,10.949974615705377,25.24859849925417
72.55891388171426,10.864029295109125,3.814314709712936
72.62186302104962,10.75708355675712,27.466415643318502
72.38642754075101,10.801024013844422,17.30485863373856
72.36277021768883,10.799559367707083,21.300277057900747
72.44101592504475,10.755996936919855,3.789130534163597
72.62096453446784,10.78071184842145,17.088127451645214
72.53648537030134,10.881145636086009,10.388934764983953
72.35211154864953,10.809156498112593,4.377017126822388
72.5850890604717,10.895710001078264,17.91187586460396
72.57555854450358,10.792318191218548,8.421821189359747
72.54552159347116,10.946120742953852,27.491817594461484
72.58991624079445,10.780745290687925,9.567298047544071
72.50948388747382,10.799684059195565,12.854973922401392
72.50832703147223,10.862191631158481,22.470444257246413
72.40216822147991,10.907067809946922,6.740143082816235
72.40160094751634,10.875814099287982,16.540719355602768
72.46753143393947,10.863366490738208,6.084272368392556
72.44795012503343,10.91453792915643,12.335387606816047
72.43644121214713,10.947766291176425,2.6304207554117855
72.49543452922637,10.866160291854976,12.166076542743745
72.60473629930647,10.931007206533499,10.52344037885822
72.41082178364329,10.884819326788033,1.4860175550104149
72.36261379224251,10.750113405791053,28.8782230144479
72.41623786237689,10.839984409841762,18.117182012126428
72.61030052678166,10.949160468550323,3.6373165716769753
72.6399442551072,10.837382657847844,10.079539173096512
72.35432740370867,10.865920955726565,3.7022800332401617
72.64606955884126,10.926464560355704,15.773081106632574
72.35574075349676,10.922883055734562,23.035299175719224
72.42190620573203,10.872719981010098,5.613090790071479
72.58445098694189,10.809358761972774,0.23520302832614526
72.4799565791242,10.915509070482688,19.17751591957158
72.55905477107616,10.823710494203157,10.131528028836012
72.6057736480091,10.780896351335498,21.66561546778457
72.60764780401395,10.902940198289738,2.3427967304178288
72.44063635405035,10.909658876557868,19.325780196841794
72.62201807291842,10.862176017352937,28.58459470294331
72.48839220778439,10.808685921565898,6.601325076681139
72.55667596285289,10.767511965578704,8.55209938738525
72.36621232498115,10.920066780710648,10.746719504451217
72.57097137088219,10.77133478058999,14.697232535514042
72.61879073321883,10.91386613515037,20.679756607762936
72.37166535124814,10.886266725892675,2.730599698777143
72.45866131261559,10.773094753857368,12.532818423755401
72.61866903851593,10.895510406730752,12.995733401232668
72.42283436231938,10.89595838429204,19.146066065216935
72.63895295733484,10.834908449382066,11.391860864374376
72.36277641457332,10.75280281315273,14.700964764361716
72.59589669022263,10.788007529729823,16.09794748015607
72.4440907683379,10.766791033607795,29.06065890821714
72.45502600707425,10.84545456852709,8.1761591418007
72.39571296650733,10.883500432979421,29.1042309669644
72.37750645060363,10.901648774419296,23.92333711332741
72.45498948104144,10.818320662974743,13.971094391114434
72.59455855380054,10.806021989591105,29.479063176247482
72.57109079884646,10.859682280610649,7.942759573114654
72.61785468858302,10.831090645258632,7.351320792543476
72.60162599200274,10.797501940834081,1.2259737673148008
72.35879730947205,10.885489442639082,19.995876143901285
72.62540194673846,10.80237960131517,29.854183369601948
72.50380352714832,10.938976725631601,13.14702866229254
72.4294329388463,10.87700922306588,12.351527021938546
72.54741105787892,10.89681106923794,11.651532660860193
72.50386789973334,10.925744252418191,14.793895583484938
72.41920001633801,10.921261353890037,22.881584498459603
72.52713215561367,10.87775883096155,11.130071229553103
72.41961031364934,10.78468516615989,9.956477261704789
72.35516761302449,10.7764286486081,8.633073613236515
72.56359775691688,10.829372048530237,18.51810271991913
72.47522967829498,10.905481298375896,27.159305191086393
72.37105942198936,10.941824628234695,5.438777129759375
72.58679437705095,10.862492789474965,2.48433116297309
72.48349012370899,10.941998675613876,15.458308406771144
72.59732895237038,10.809561897804823,26.452643102988727
72.3569940654709,10.840608032139565,9.116942017514216
72.3836843868606,10.754287608487742,21.882939111824196
72.61348355590134,10.824938896644605,25.065570757124387
72.54549059504886,10.764070136845355,28.94491956552487
72.60247302759399,10.948475991902654,11.019671717546696
72.58632147325264,10.902638153990582,21.05535513559748
72.64314115822941,10.805849565314471,15.178184024147624
72.43249875640132,10.878839328946432,0.12702228800087756
72.53969511946654,10.813087987866467,3.0530030668399357
72.5298448790519,10.77327891234364,18.151226645739314
72.36217139218904,10.884963818602426,18.592369322273807
72.61514585319954,10.849468707937646,26.91364011630848
72.54733651771276,10.876836396834697,6.336846595596178
72.6330989900951,10.81475474466374,21.81274541475839
72.47111308882567,10.92599321143553,23.03088733727064
72.35788467126582,10.774106723365142,20.93017383403264
72.59637072863796,10.765733600115714,21.60685544082149
72.50694942267836,10.91911060823979,0.061191092644634626
72.6275488913942,10.860097753547738,4.995419700816077
72.39283668863091,10.818973036473682,6.59356527085569
72.39980795775895,10.785800377536964,24.78424112293232
72.49658899807571,10.802560510391821,23.66781991184589
72.43884005475535,10.85518450931021,24.399730508322538
72.4348762619465,10.896323530600148,26.535751746527637
72.49372649791724,10.941476115434018,0.5776023285494769
72.43812047079997,10.896244368780899,2.518702630225318
72.62690329581108,10.86492378183634,3.4224484753773177
72.52181773430254,10.848408932170946,20.813355460250477
72.45297629265507,10.888319475499415,4.972511997224629
72.43040176302523,10.781182763565932,18.575875504497354
72.37886918244743,10.944002919344166,20.12839764115975
72.4888300356455,10.917129160636234,6.702525020897339
72.47787735042436,10.886863442274915,18.342822849185495
72.40847146197781,10.93297560403821,18.25533055758746
72.39020152592364,10.855438143517341,28.74063013188095
72.52525721882803,10.774829749814723,28.625268743096854
72.60434344781476,10.814155578909421,15.984746668971276
72.48839279378078,10.87643640713257,20.315427387402973
72.45959090707414,10.851959242399001,20.659703286862005
72.46504887380613,10.76701554285666,19.99881972934075
72.60093639442385,10.886424495433921,13.967467954971363
72.6141449150094,10.895219774384035,27.974603935906106
72.4100899821547,10.919010052597667,4.807433396192401
72.58024124115265,10.836587193460122,28.848979634523545
72.59952410486251,10.804164703713145,7.940374606943093
72.58683693101787,10.761537887772574,22.858859711665403
72.4224233624836,10.910842969802728,29.13363855385098
72.47706198400317,10.94569146986994,15.532235808293356
72.64230696666597,10.87662019367266,9.632566473158272
72.36431729695903,10.820205461975846,11.450601923349351
72.38818234179965,10.944534023372514,3.17689701743997
72.54412882897131,10.886390551115309,17.384174596798374
72.51004752720391,10.935724059558414,5.763597739187195
72.43946726409649,10.849357078681804,15.752747356589191
72.40846157350487,10.909222950163777,19.00171303835582
72.52613284539086,10.875462226285714,13.617578732656243
72.35813112894147,10.81121846147456,23.632648857904048
72.64068249656223,10.775811025608084,6.721997910007261
72.61689874565151,10.922671472166076,26.015997403772058
72.59642212661787,10.9372565126743,2.50068672067846
72.58846865592481,10.825496535537427,25.785430680746646
72.36825980485091,10.821631575738706,23.054962956874853
72.58667687866568,10.916202011906863,19.947130485522607
72.50840557467089,10.830275845419727,14.102717685982999
72.56623635320648,10.772830455844502,22.41157530961963
72.52964109466946,10.933911781301951,0.6941632106630014
72.36397288542416,10.944800794914242,17.564958070718255
72.39818831501135,10.944766028198435,10.85741743905898
72.57779595446497,10.777710082949765,11.29856992381754
72.4154136691783,10.796837259102587,8.77890499655326
72.56508016711267,10.805043780651927,20.685898239742222
72.53480410038304,10.894062062561094,11.113670550321613
72.56745289739648,10.767583557339076,27.286354601891702
72.420711424163,10.791753069890047,19.000339179396157
72.45858837953176,10.82547621186617,3.9707572318353646
72.47720329749968,10.864541377397273,16.680475297032483
72.46025248638901,10.88104223732148,25.137614828881492
72.41804437682188,10.752341273380747,16.885906087707585
72.5690479393469,10.770965067359487,17.191558020159984
72.40272740457712,10.888780026988117,24.538616632000874
72.6088110576417,10.94217811589601,10.023652587219921
72.43928015963873,10.848534049075864,19.34480686135754
72.40933020156197,10.938653614978335,29.63853103783056
72.59433623420553,10.768123372581941,24.016032912169553
72.36087785067829,10.753812644293262,17.076886754355375
72.58636548293072,10.76885372981347,6.199148562032736
72.35971436687335,10.840703424101925,26.502819453881806
72.52453657834162,10.926939161642316,24.862117761973547
72.53537999938732,10.797362908285477,12.175096629998084
72.48303652292161,10.886104542619417,22.22685023827457
72.6119212466443,10.758296478808791,29.473823974405196
72.41718729277322,10.938196519528917,18.10623189517827
72.44836733440644,10.803119227332942,11.500560980072887
72.53275846887134,10.883483165163483,24.415048742465483
72.47926334489168,10.926251857612796,22.310482693719646
72.4737377890609,10.817703734961679,14.390868574546404
72.43327439978486,10.911714061025112,26.945199584633205
72.63268546660208,10.834227466435893,24.900692726727247
72.44738470628651,10.785938363775708,4.34135683021644
72.48809000553418,10.791091103726332,2.439070757041933
72.49457887222536,10.861654206877205,23.156234956065713
72.39526980161384,10.858336682889417,2.6829915964078923
72.40643758436767,10.88282462415634,17.66096209997345
72.36869593064195,10.924651122510193,6.217858020487444
72.36531611912719,10.942782225571001,16.502477401884402
72.48729582870062,10.913969855063076,27.96424506966858
72.41452474610746,10.890304759298518,23.47279958828504
72.37129398851154,10.944497920580154,23.564978019075042
72.59972107736836,10.824368089559833,1.4308307920299534
72.50459885717372,10.906335413358846,5.75369864823175
72.38188162658746,10.93895310137577,5.502985853827813
72.54031756786995,10.788904769866244,18.889933839938966
72.35762529097111,10.861931864871671,8.22457872494018
72.54936308147597,10.763833301435543,27.337345330082275
72.53367597263671,10.915880274121594,1.372916190839617
72.5183198613506,10.877175072736183,29.35656485783291
72.55854324284807,10.895264399400693,2.263287922591759
72.46236604846001,10.872896519603477,6.135206005186086
72.43255050881766,10.811317845545682,4.184025166002344
72.3989179733573,10.876627010868683,28.257766938702876
72.40021379009725,10.752930199687478,16.961558931264182
72.56464869052354,10.806500833116703,15.810108491493672
72.49129137121996,10.81671150388504,13.110334752544066
72.61707312924537,10.830488837196725,14.781450277764957
72.37124072280169,10.845429787712494,12.947949471203046
72.45578594569679,10.809511855568228,6.722866519826837
72.50784850158024,10.810866659133268,2.6477763901867823
72.56280812811524,10.76323476762179,19.135419533677233
72.39822448245583,10.773182671268621,13.693525757082645
72.59283409411461,10.833480773828978,13.518402594944689
72.57075354825501,10.93319562371593,8.644123897338263
72.37022062296938,10.922261565375837,14.741072530671508
72.4331662341978,10.893215573315937,23.731500388526282
72.61082314708364,10.902340370882527,28.86804558657839
72.51512229047144,10.762436607838385,18.191565838540555
72.59699439354033,10.817279964069112,24.823798310095267
72.61517626624402,10.756737683870078,11.93960598359152
72.5000849146695,10.896194427064605,7.529697624853512
72.36078368356709,10.932112100905915,25.404578682875457
72.64376666144712,10.808612063443245,1.3741472786290942
72.47130605186888,10.770069423284362,11.571351856855832
72.60478510081862,10.813199535710018,9.095907527426801
72.42893885439972,10.83675829072746,1.1723593783470887
72.54837246971749,10.761310671125152,8.527805219416411
72.40554338817876,10.79209131237278,9.933322147991355
72.63375536165347,10.757731505240868,19.231695521720447
72.54310257607482,10.914639596487566,28.36877515918752
72.53966661837269,10.80345505409973,5.544425557721111
72.60485227174384,10.807002850066828,12.311839483361425
72.60503227623336,10.937839493240459,25.291269796785325
72.59281559772418,10.82873098716221,29.896129196403233
72.43347341701401,10.794387536190438,1.7359100735589084
72.49691187313474,10.918719394698332,1.4752102537247214
72.63934881270029,10.832569584817385,12.827116489895396
72.47093708847582,10.852854513899773,5.085012297893333
72.49281696239812,10.845539085695656,15.72263921109403
72.49633323074903,10.83624582176772,4.527133876587984
72.45389389334743,10.756973154311918,16.307144140254906
72.62661019693802,10.899965266819775,0.05580131758167961
72.40786268689159,10.772477505712711,18.34286135042062
72.4435951819028,10.9184423299464,22.95167562516151
72.60345835943986,10.809724692538062,17.496796282477543
72.45550205650083,10.771531530636338,6.830151543752361
72.36893242615596,10.815730906558352,10.369776559906896
72.59843046593564,10.83073267417657,6.7402249257461255
72.55435732437418,10.908581289466722,19.22442645798182
72.48470853426745,10.941721672257803,13.867291113535916
72.46478830335751,10.751595927966147,4.050469985089686
72.5043638301663,10.929818916441425,25.768221404366827
72.44940129320356,10.757300508423496,23.507942292275647
72.41310940522493,10.94890286457039,19.43713129125664
72.63745270994158,10.922148459011236,23.744433664468417
72.46504371159074,10.82127267862332,11.226279656983797
72.40408092502702,10.926848413200899,24.730321549692945
72.47718626017918,10.780293296660489,24.141508161762335
72.55381803284784,10.876738037926577,16.393713860035355
72.44343839936013,10.754534926276403,22.45687762647848
72.50097199488955,10.792129237927352,10.728170831192623
72.61111796873405,10.872803076551106,7.567348116759968
72.58012441431278,10.868728194167767,2.4050999254176286
72.44356200724445,10.938899710494926,6.9294633628567475
72.52675159691607,10.828470364740303,19.282679836322863
72.52006855288036,10.84663885132286,23.126694853647383
72.35729274014508,10.828367162104474,11.352451119430896
72.62191791990418,10.899637765324556,10.70510633681517
72.39849968666478,10.824290674478355,25.511556258616494
72.56224121079661,10.919594361169242,6.494952538305027
72.56806007181495,10.800993467664654,24.835991067691968
72.60232703166149,10.77527199969243,12.802810412070976
72.56042086018746,10.94327864695069,26.625666064245976
72.37098343326895,10.867346225317684,15.909131951754336
72.49749608874161,10.86423330567352,15.802078292629968
72.3567498114415,10.851300389424713,22.66794431057198
72.5903962584538,10.812291170265848,19.431886461840246
72.42633900911412,10.938604485492073,28.10880147639729
72.3928189838091,10.785472411992155,0.2843570011840968
72.55825402332087,10.931730565958011,24.925728381778573
72.40925752938533,10.853308369326452,18.036117334382336
72.39571090765753,10.870256377191168,10.153677221557784
72.53597434374424,10.825075564946925,2.679824356327778
72.49867612124183,10.86653264410441,11.865519783998995
72.45202715545605,10.755200805515505,21.49907591319524
72.61424453574024,10.784558938391257,4.801869089351353
72.59301823394543,10.899857151415501,25.76349105029973
72.401556083708,10.852037616083388,0.007460264124665716
72.62185505594472,10.856680253731563,16.451601282292252
72.55319679082784,10.914071860039272,26.10013742145129
72.59201005599066,10.803522469982049,21.86381538531092
72.54294697545035,10.914855010662913,6.832848379450844
72.5659964997501,10.885199423314523,2.1293290095706996
72.45370276437356,10.844610267399494,13.7444132544571
72.43787707768476,10.877385830870262,17.86131941654169
72.6235299938125,10.81747475167003,15.242399722462453
72.3624049666255,10.784243887227978,29.43652715155743
72.5538720786992,10.758019723730579,2.407061213371403
72.48305696160304,10.815965781694619,7.068752186046403
72.53716839017083,10.785748048823242,15.57804961471056
72.49181700712276,10.944528942409038,10.69895644333269
72.35093924715315,10.780115367569085,3.4746082548388433
72.63533233613562,10.833457801948922,12.67955667437858
72.51297443541347,10.807838228128388,9.11159210015173
72.44892354354656,10.899777111516856,2.8572227224163615
72.55600356654055,10.860621594169816,16.74751595461104
72.50492522411096,10.753985199799514,18.950792084398838
72.47821372589618,10.763593618438449,6.77795361609435
72.59799772613633,10.814153963342905,9.570858005096563
72.61744549439548,10.913193574148579,21.216380275637476
72.43546110006885,10.783015040371161,24.9720492957853
72.56515378646976,10.861943680300174,29.406011610824617
72.42466362692252,10.94339192092113,18.077373401577653
72.48053950779665,10.864555230260377,15.039165441212972
72.49209697134377,10.823858837162533,0.3585978928481448
72.57594086201412,10.782729670480382,9.741225378731821
72.59717668602106,10.946910638711394,29.09426851741204
72.63673872397324,10.794094052001329,2.126689020427812
72.52678166411549,10.838410657079654,14.787264974834065
72.39718470016058,10.923482058781063,29.150173838048445
72.62680901565163,10.75936808185352,4.48087626007112
72.4894612064517,10.886039204600452,20.24585946490244
72.42977730251985,10.90671467612853,14.449383950156228
72.61432614578409,10.851801815229303,10.277698737440964
72.44273099081491,10.863021131098163,5.9692579474843575
72.52711272801837,10.885642648176992,14.95922050736231
72.45358417147133,10.802713312362098,19.741067141420814
72.4189104767469,10.88973935308749,21.848448971199826
72.47115037126132,10.780058279291916,17.427286791594494
72.47794167814757,10.884402768087707,23.49403536877083
72.37248168222848,10.829059234967083,13.432037671059362
72.51883082568004,10.750644203747084,4.089717571086366
72.48301053312116,10.86554835053402,1.5739980250171293
72.54126587596319,10.90731422705399,6.130553744948459
72.35036499809793,10.774096782204849,13.869332707036099
72.40504610854542,10.839779607924292,23.532601594598344
72.62437162734142,10.776624435702857,9.04605015715857
72.49636613447343,10.880021097931662,0.061178831613597495
72.43236559973926,10.890879289156633,16.93454312142273
72.43156595645138,10.816417368877543,21.586382561512476
72.45258230530122,10.878588469626756,6.894157885921663
72.43640144689252,10.753017960613285,13.888468891035744
72.37634022419859,10.867227267437483,6.51032586143578
72.48464430460318,10.898003213430993,2.290972355619579
72.3783353201231,10.883241817500666,22.417006103770625
72.51158215808788,10.769757994996132,20.737850495812694
72.64691372296546,10.758245089824177,9.888758083474459
72.60402705719554,10.88173200635997,28.26655948345809
72.39475614107197,10.88219782359058,15.35705946049426
72.40636951122542,10.88597970478326,12.383785389732985
72.63757239725324,10.938059103682338,6.514221477036033
72.3740429246018,10.899936941694264,4.524522138020552
72.5263819925071,10.850229603131679,14.749791302084695
72.44727235591496,10.871170144347163,12.463502418985065
72.39760223470977,10.79946983075116,10.350691528850861
72.45715325870684,10.849082705266483,19.42587720102615
72.3679285997619,10.897332552443837,24.174754461065945
72.62429282988803,10.828638656435807,1.8908353939720068
72.38469135237571,10.944449338850104,3.1664310097529658
72.46311261765723,10.853139907966359,27.575217044907603
72.40332746711249,10.857415937106559,11.936726869939719
72.38984192711571,10.760871974937196,19.267386464854738
72.55665725181626,10.862027275524738,6.15572581280874
72.40368232985675,10.853595893630052,27.67277620079205
72.38586639104386,10.809764893973917,27.94555984638956
72.56303109326107,10.893353647392813,17.122031019244023
72.3718899848274,10.876919089085169,10.976161148776596
72.51883623823643,10.920653430701298,1.7739514827057656
72.54825247089865,10.859454479400831,11.771245552652122
72.37128222788712,10.833653871835038,4.4552890187731595
72.5647309021622,10.812661196624447,14.455526289032035
72.4044531182975,10.912766101738995,20.974058002367485
72.35545946870079,10.774070993359476,22.154408457438628
72.55931481075373,10.829011715256362,17.91126496565164
72.38732276694303,10.873383769717488,24.770752247178184
72.5368892336588,10.818236463598987,1.1898577791234
72.52197762023451,10.917455202795848,12.364429019479582
72.58561828788405,10.830936437671848,29.897555018331875
72.45302059982608,10.877268810463072,10.34836365787896
72.42948126137584,10.782796429092485,23.03965224018769
72.46055687212436,10.792505893254624,26.062747265569925
72.5954505257917,10.830032267343466,16.217362516937193
72.4650045359652,10.935480371291362,26.993055847479965
72.41264157935667,10.927330781477448,21.84441610355394
72.35072049414089,10.801134788903436,5.598221107533622
72.55652172350578,10.896429703417901,2.134042986070198
72.55277018607778,10.857205779752997,1.7851108449247388
72.36633027323536,10.92940769776459,21.99274464367902
72.40587229289412,10.939284777736363,24.271671897374485
72.3561495370552,10.840024930166877,28.405090659391373
72.61764898056921,10.895221559223868,26.802110992054985
72.42152247641667,10.86714167091449,28.192385094766177
72.49642463804616,10.902836906740918,5.745884186322671
72.61555503085695,10.861662419189651,26.631859087050934
72.56369469009468,10.859879855647424,8.864896016763392
72.50134010532997,10.937954872210025,8.310470358049146
72.42248517694163,10.923360772767046,7.4104281012246895
72.44130195090764,10.93906748696917,24.494166713892483
72.60912043556267,10.925269362627915,2.636055287819282
72.38472322646783,10.821568705591815,29.183288395052237
72.40396189468994,10.781677095583172,28.695674562594995
72.61110043631578,10.908031436934776,12.652051811937556
72.58076108693939,10.91379594448017,19.84418794885756
72.5287481052041,10.789761596395927,12.616201586685454
72.37524041488125,10.75301829476068,7.042012736679162
72.61117296150795,10.780927388591726,25.66097901639457
72.35112816617647,10.927958454116816,24.795755827213505
72.41517528170887,10.85778136651972,6.237534456801194
72.5930962566377,10.945827141774123,10.885847388394257
72.5612498433079,10.927236370724316,7.984412194728529
72.41504348897655,10.866429621561553,0.36039280381328975
72.52027141987496,10.847231024994478,6.941886532785498
72.48390769732708,10.860965660026519,7.112982256293682
72.42996342374092,10.82519020619163,11.953645382975607
72.51968224771025,10.908391263512963,20.93323248850827
72.59559727853713,10.77646646551601,23.32851320158631
72.5731289815196,10.845913486346138,19.455198600221085
72.57002158436018,10.815892877624648,10.331693290762122
72.51699551464903,10.857158523981917,18.204334304647137
72.45482751272925,10.895565392489186,1.9378410393150114
72.64047611266216,10.808327479581864,13.655877675404126
72.55349796234432,10.761579288032532,24.78337596885642
72.39906460531769,10.845921832498927,8.539451476792909
72.53891106987062,10.786830474885988,0.029397467552164658
72.37507572781374,10.827260810143095,4.993320920337737
72.50480629964612,10.920642171336421,25.46873143794948
72.57219485579877,10.778398527799459,27.3589678440194
72.39215241064402,10.924886622385847,15.171843704008719
72.40908085963046,10.858637291988277,15.58770929061971
72.58340301667738,10.791447220958458,20.028957829492757
72.5941527197734,10.906863097057522,6.11065279096927
72.59364260669987,10.778732107452202,13.303232480130408
72.37305830662649,10.759406793275502,7.140286431801776
72.45193300906922,10.804724785411382,7.396521041067516
72.61069975453033,10.774252033988658,27.40219022521078
72.4047273770406,10.754521252532092,28.867965279534822
72.58938747322809,10.921957832802352,29.945510560784353
72.51859533686488,10.924736078251495,7.999739109459501
72.60329512296848,10.917355202987704,16.429003235148596
72.5234142875652,10.878127060324827,2.2820332910752086
72.4587313569685,10.847922654234361,4.496655151012622
72.43164587243334,10.931640946759979,24.329385228824943
72.3689776104284,10.893333840443988,0.06071505326075588
72.52343262716532,10.942596527078528,18.7896681228438
72.44867310096875,10.858820629028271,6.0223927305116876
72.53880367059773,10.811376137333909,3.978954076478909
72.35986378566396,10.79510472761209,17.372285102031825
72.56022612124619,10.872774031294322,17.279210102510568
72.39958768974702,10.850954005910294,18.085683299056512
72.60465497009173,10.949709644055696,1.6575255077919893
72.48129886263038,10.868626273096423,28.557844012340166
72.392272683954,10.834417263781486,1.1520692375279906
72.64056193644942,10.88804278431947,17.319473368447085
72.56620017129403,10.84890994498329,4.0073620812069155
72.45957756792384,10.784251105847886,24.818950687523873
72.45986105394438,10.839137298140372,24.31898655159714
72.6371407324848,10.917350824284382,14.884928296731939
72.50255114877743,10.932372389228908,24.451303384320934
72.55320441878892,10.846436811360034,0.7409131577517125
72.41587465798851,10.905050356303828,28.797301845946656
72.63317416197252,10.825856261413023,21.762926128067548
72.3690175651416,10.93161679254749,4.8676334337582965
72.49707412606257,10.808510654364587,0.8280549744431065
72.35297725393802,10.834205090721913,11.223417398164987
72.38455257873933,10.881735751885245,16.126186886803204
72.44603541188049,10.894776862260475,5.685692222181875
72.4544577124532,10.845997864037821,15.350667739378611
72.35192695123385,10.87044304684394,4.120898268176607
72.50913444718421,10.779823432520764,15.136172946079416
72.45197543038029,10.924548768005407,25.100828980060832
72.41735712577878,10.853626938441032,18.573337526670652
72.4154632750924,10.819548516284968,21.69771402910268
72.57438989981765,10.761146911548973,11.701619683630689
72.51485583051503,10.917880439398449,25.685209573264792
72.56318644246811,10.932904233040347,8.426295458452838
72.35586999375562,10.775370984653797,3.4329662753973844
72.60335348860752,10.837577894956791,2.4913193902792132
72.58949955907853,10.816211904747322,23.90767799113374
72.62437415148527,10.859328676995565,15.972509524037989
72.41522848201852,10.775740729047044,14.730616834158008
72.64849775192685,10.795375119749037,2.481380418664416
72.38690745973399,10.806780580078641,24.888068060847463
72.60508512346759,10.897989997057426,5.357171742677086
72.63015313268582,10.85276223252297,18.098216757236422
72.41136736879061,10.795119987232368,14.63677749058333
72.44210091899207,10.76093967705166,4.802533747893767
72.5104454385471,10.904132886317374,0.6781490112246513
72.52304584678312,10.790841198378486,27.040892269101157
72.5048869025447,10.935445155577346,7.064953217377096
72.56370730070932,10.942225390491414,28.79703303380089
72.4754781585063,10.923732648976944,16.344940953223322
72.47382758211857,10.82952026626081,17.02595572820051
72.50188731228464,10.78828530560286,20.05759639366816
72.43441219596824,10.813423736106387,4.447231505570527
72.44445696328187,10.795402735004306,22.98241458892907
72.54145348788796,10.838384907554616,26.93572975125073
72.56693912035247,10.847280035801681,28.467853911312
72.56643427298347,10.80915396650311,19.740133235038787
72.46559944080975,10.775108645232477,20.802228545398037
72.50420654008549,10.793292237001717,6.659550762244107
72.57622939452662,10.903853489268343,23.79668050439931
72.52511737649803,10.858235012853045,9.457553568206741
72.61897267617266,10.917218550718216,23.202891582985693
72.60488141164103,10.891715736586299,17.212549923309417
72.6223659171088,10.883354851501483,15.870491838112958
72.59506858769133,10.834221940458507,23.95719258488512
72.43537040488172,10.814140046523592,7.508570688932156
72.41981601631346,10.804849506142146,12.446871834239051
72.41439627774088,10.849184579656482,19.067171073498198
72.4620726904285,10.811046348122664,0.6717415599671317
72.49274312829584,10.844692243504122,14.972760694759883
72.53705081089984,10.874673201531524,21.766927075960492
72.58779750289979,10.799275754955872,26.310959858596135
72.6237586286891,10.780398019943712,17.87499980604644
72.46570505046128,10.824221836885698,12.386030352217505
72.5304169202517,10.81650203015211,21.05706331075114
72.60443122547655,10.888358501798226,3.819654619397265
72.46223089038536,10.945372223954644,23.6796888760974
72.61481265354716,10.902199854761973,24.93620021529159
72.56603776101352,10.943337807824708,28.171972594348137
72.56781815280715,10.852544324571236,21.961256130187742
72.53685285483327,10.809134742711175,4.949566307776694
72.47663458139921,10.774574658708458,27.708497752277566
72.62228716409707,10.920424106941386,22.956442570760903
72.53008968850882,10.921356863778433,26.750410027189503
72.38965785988306,10.900551778468609,3.253179168079204
72.51624865462367,10.75582994876177,16.42623249588806
72.41756835204492,10.847809030586363,7.88396549737919
72.40671680680411,10.818613796755164,16.52967016799203
72.57082545482537,10.823828206967649,13.033479155568406
72.39351689216662,10.7615018710687,17.783953698795337
72.61525272735517,10.803503647381888,9.626546792739173
72.35478846960912,10.916274636470213,13.080226235245773
72.40559885677415,10.820099534784177,22.438492230054546
72.52564079688003,10.939369751508734,26.964179204028063
72.5317943470304,10.938065308552142,23.40499244507687
72.39034541808813,10.902483544328527,6.419173916365155
72.40508242950169,10.901535832021107,12.030677727860429
72.62130657484887,10.84818035367553,6.412406773529983
72.58340183414435,10.920444015137182,10.089303371601352
72.51671817534317,10.827969975245342,9.814978283429257
72.39151827344075,10.851466600277062,21.037478613656784
72.59543294161367,10.934114998983151,27.899727156760996
72.38356159491717,10.784174045946783,17.091676696370033
72.60813108318621,10.826912098920081,12.596369094597904
72.46051158914786,10.777407851549244,16.616235282252056
72.43943371574134,10.903619888791818,16.51655377948868
72.42053062995754,10.880605619927387,16.69478776641445
72.53426211692968,10.933918173207177,8.184597829333988
72.53747736287501,10.75564779121638,24.336801415772477
72.40359298631675,10.888627379310952,3.9731380400713223
72.43798323916644,10.901899341203091,19.491297356513616
72.5111749941255,10.934123161680333,15.675971170200638
72.56329147605157,10.825933956522299,10.527707722539173
72.3556280635256,10.799274070414594,12.365284313500759
72.38001018404555,10.756108407924959,25.69318550641704
72.52587693462765,10.896371489081341,17.109563876671093
72.55124375921858,10.786756635006114,28.363865709923825
72.53310509267871,10.90442930125963,12.77433422509724
72.60931870238173,10.764827090310819,12.401735441834186
72.45347533808483,10.807221872298218,19.33648174243298
72.52876040464692,10.779533536680857,1.4339832358201776
72.54155277697453,10.89379531822928,14.269397703443472
72.54530730368441,10.858493204228303,25.397733448433815
72.55477006903214,10.875990203781697,9.057416147919039
72.35046628821975,10.85791096021826,15.689138198861595
72.59486080890893,10.922023992552631,4.352067640675874
72.39429309355863,10.943688580988606,9.517498079483762
72.46206172428091,10.811342188678667,23.247631019399588
72.408323226997,10.800492895440808,7.256647441874707
72.60421499446862,10.760927760135973,11.902624408320005
72.388808460028,10.82389670004051,14.261831780992035
72.50717665398399,10.831864051173726,5.138164293336976
72.57764663132446,10.81516169045554,27.38111392186079
72.60495382993756,10.946860584693159,15.228167756192562
72.5013027370646,10.769400834196412,3.476622339712611
72.39678315762434,10.880476348470891,3.5182132560873383
72.60340691113356,10.905126289997087,8.083648876103194
72.61945455779244,10.930396327836526,28.298031717405756
72.52163349578753,10.919368375444483,29.93418874927702
72.5519144081863,10.765515515616094,24.64811070998692
72.47488963695407,10.772702459408208,20.362185659048723
72.55711149006221,10.886024271626262,7.845145098292866
72.37352657355976,10.849991708784723,14.991146537828659
72.55334046467895,10.789672025584668,26.831451162692186
72.47553413793436,10.812493662880083,23.36992061075083
72.53334328607754,10.765504936495809,18.931629278259273
72.47506124854728,10.909572112983922,14.280116961307264
72.55354787104137,10.906300568489213,18.675772954984897
72.45742440319603,10.895381729431064,10.698929960121458
72.45774344963714,10.832258245099847,15.470912255541888
72.41267385811804,10.839405343884927,13.285242383764714
72.42720802788592,10.834606203804434,4.107961545853806
72.58203195206015,10.798838918295832,15.184167627346946
72.5049291369021,10.835062977420371,25.46970401026779
72.51085680363687,10.76153081864071,29.9572023698572
72.38043860423262,10.829094615722559,0.15526415300988194
72.58013952412622,10.851767946885369,28.768074624482864
72.46185844899803,10.846670051196863,14.714238570213789
72.54679358820059,10.910376935649627,10.59742269299804
72.40509422396062,10.82324743664174,20.489780887012028
72.51244560032971,10.902726863164613,8.55285958486313
72.46169823305166,10.943703104811345,19.15796844754362
72.48348264147224,10.89464389507242,6.64279090940449
72.47085773811793,10.773349999605422,3.158266574629965
72.50247511970821,10.934744560178506,16.605333320658502
72.3767010875009,10.855277212107847,16.2203912369855
72.542348419399,10.927623378926711,8.023024542393376
72.52932772009893,10.805822040426017,26.384098295333043
72.36882160790925,10.90526144013993,15.26539928879618
72.56221179041844,10.939709374603119,9.261531910627067
72.36065478761864,10.909057650760495,11.063743908328252
72.38904340333016,10.876830866400942,24.260876088613312
72.40739046029574,10.917247756334028,9.980025553074523
72.37819568469212,10.773190781253891,5.801510928558475
72.56555966311171,10.857598698185686,20.07314221171657
72.43666052392126,10.907207902958943,17.786097110135596
72.63062091394085,10.911941265609874,4.748462925310858
72.43276986712037,10.910679244991737,10.026873506167757
72.43004510680336,10.763035529291539,5.3677533565005575
72.57243100581273,10.764412657155644,4.254667636409425
72.42191007334118,10.854356230479585,0.7954053371768621
72.42106586033968,10.755417702041312,22.443359937848008
72.41997908904023,10.768849186272996,15.066239331143773
72.38061771009598,10.84196743748298,4.572025035537482
72.58506404774486,10.75746786642376,5.493557654741629
72.43317962669225,10.899182129694145,8.000720741534042
72.61512192522626,10.770903706495503,17.74908591442892
72.58620298293268,10.902255472230001,25.80825701262354
72.6322843048268,10.853388933762087,22.578999666368073
72.61331290134189,10.802159973330797,4.002035984174142
72.62628997730154,10.927090713703464,7.914751315174615
72.37238398432638,10.867182001444677,16.540426402556186
72.46084951107039,10.779218583940787,19.372441448542446
72.52992760344794,10.764591242023197,23.588659427139863
72.40919879837065,10.876103315500897,2.9099714051995385
72.50255142831357,10.790208356370055,4.779277552417449
72.46771356974281,10.812940806796592,17.533541979294053
72.59107603392239,10.88931419786527,11.711398636052753
72.63757591483062,10.913858492235272,5.4686622106089855
72.53876826280619,10.820483759917108,6.303500622932994
72.59222744394133,10.8751537012727,1.6204914659467273
72.43162950360897,10.92275422772711,22.3368421221851
72.59129925517898,10.781507467299805,28.761873008887825
72.42995975024417,10.769612225473244,19.267991695315526
72.35156004846071,10.936950949314479,10.07289925868849
72.5156789485057,10.937268617510632,11.467800123344603
72.58493998122253,10.786805332581386,7.320458079664133
72.40878806021078,10.94194034845266,25.198655537995766
72.36170702228475,10.847016386097641,27.380239810671636
72.39198686670728,10.817296644816537,5.415757520876124
72.6351553374447,10.899391035773354,15.52707474306751
72.4849941196556,10.852292791858769,29.603110035210133
72.4659685837544,10.8162316693897,11.339929988935548
72.38793114985845,10.836808758885075,22.305318002256783
72.58021032623432,10.857891427089951,10.746018270393957
72.62406543738709,10.89324561620851,13.50562239165732
72.53703985670916,10.914554052937609,1.6945081346280544
72.56445111562016,10.80130998256262,15.396695807990069
72.44565181306884,10.80440067952888,22.8202946694279
72.41846096867233,10.912908276655985,11.053139820045597
72.52401853322924,10.925847355211669,17.062815496945195
72.46400630209504,10.832773329524146,0.48022710621296927
72.49790015427052,10.75894859427924,7.405328221090624
72.37266143371649,10.899048195296887,21.73470229291296
72.52471706949947,10.817136711535428,3.195336345500719
72.54927347634975,10.945308420566075,6.636255353249787
72.46790058777555,10.926469063972181,19.97375725951943
72.47876557617052,10.89079497483547,5.653386803692233
72.46630953935095,10.817762875490697,4.524550636216864
72.48862945372007,10.85546979798424,0.6684795835863866
72.38772247056654,10.91385292024768,26.808939589896486
72.4721547514036,10.91038131636708,4.743932700193922
72.60588719441613,10.940462452627374,10.512322148298049
72.38133310893433,10.831094623636538,12.122483887523961
72.47435300649866,10.86850711564465,9.68009492765912
72.51984316760027,10.902270210177745,9.008374486865975
72.61050479416764,10.932117037779836,19.254012923769658
72.4376989757088,10.837698337757505,23.36205307020613
72.56513587594335,10.799916549125461,2.1340496806133915
72.5308453550381,10.763557559251703,2.792487706754927
72.63602326072778,10.91092073217826,0.30033967278000007
72.43386058422148,10.89369356000593,1.7166338237690204
72.5432020171135,10.757488932777889,28.479755788432346
72.38583957916971,10.93123950901456,24.331026314938196
72.54551968933893,10.80886604647893,14.394635950746544
72.43583252526062,10.890418929897754,17.78538409947114
72.38405161203823,10.755159588731269,23.59668743292451
72.60909845902383,10.898970396154338,14.470277976149184
72.53994253205845,10.941529699146635,21.56586594898188
72.52481764601819,10.85479321930407,23.29112369504217
72.61123935527205,10.936786742239365,0.38990635436139676
72.49740662571341,10.871705061482198,26.26255616210048
72.45723205978501,10.841919018983912,25.810230631157097
72.43998460041661,10.888192326889246,2.5034811433696467
72.43059104669267,10.812447189741771,13.763551827818276
72.51915643886649,10.837343509661423,16.852906010616145
72.56998569828336,10.768518075479047,15.280756407355536
72.39311234841436,10.943404896543834,23.065449317182377
72.62549158849748,10.751183564138131,9.646347473026752
72.37069167407086,10.92336621017539,29.550220348155797
72.52945111277127,10.89142874494819,18.890645007459298
72.36272200096286,10.755312440449618,16.82946247720804
72.49968474512256,10.837859305334458,24.980919508229086
72.4694973925919,10.75102770432527,20.46618392462053
72.57731782864097,10.808553040287029,16.576667068620726
72.36610777672892,10.929693059799677,29.979258837365222
72.40062818836431,10.901889244328935,8.444695433002158
72.47264605737266,10.758323446790001,5.37244088677881
72.35912280693043,10.867268299882719,2.6886673378638957
72.47253852835468,10.77257593684775,12.578274022791637
72.4987097396648,10.843445563914898,10.30506162657206
72.36776342229763,10.856260324519965,11.103452101339565
72.35143795986565,10.824707475374947,3.514360832604079
72.45220674210006,10.88364723075304,15.742821590590951
72.54965113249195,10.786776285822661,6.713724895154566
72.53019170767615,10.79837321182185,7.759667230503999
72.40027155086463,10.875898310429335,25.797116075447097
72.47088469052069,10.900749867928928,24.722822385162196
72.62963294948204,10.847558464831963,20.18063783835495
72.50176761097069,10.943044642755801,2.994503788945181
72.6010058725666,10.78231137363404,11.883942367515832
72.43737334735205,10.836100008999969,7.188362427202187
72.36517116523895,10.876151495761109,0.1515780465298988
72.61976058109705,10.830176361486691,11.035507108850625
72.5183807891969,10.805765567836627,21.281349704788784
72.4771082422649,10.905755248844047,23.78673756120697
72.63824891738496,10.750786129822147,26.955486537014075
72.44907384271481,10.884501787091677,10.506391149498846
72.5073762328675,10.88271620137341,19.51487722867119
72.45074640378034,10.772479639134835,22.059667982787484
72.40364884279052,10.75185471252074,1.8297498017622404
72.5384994938469,10.91944409425042,23.096036251874164
72.48361047486196,10.938998362139216,0.6655668226627331
72.6064255144448,10.859937611359298,1.3361853740027407
72.35070046588423,10.90045875380097,28.797336070683006
72.53137047502692,10.808644960263484,22.779279604305557
72.54501032318824,10.933393923219203,10.598413596400343
72.55392118389497,10.838924741667604,9.222005705479782
72.62463618194602,10.761360651132014,10.749118102132995
72.61032430747576,10.844038978849115,29.08959879339562
72.47853664142053,10.906230630464632,24.50312908792355
72.42753883982095,10.774338695441568,23.261757030730585
72.49606290217682,10.804619140690214,29.423758527068728
72.47642157958019,10.842305392685395,12.496994387192746
72.5581625569679,10.912345729353188,5.651020534345244
72.38689565022871,10.880275217265831,25.247646080312233
72.62805852079947,10.944089619003611,27.98738128801689
72.64017436808318,10.75413516807211,0.9538861662940101
72.35306168836156,10.884865864734975,13.76685722540352
72.35560837958582,10.810472943258935,13.92273591966805
72.61258833777241,10.815235664831423,21.938712072038378
72.61172117273772,10.879458132296648,12.581633045098934
72.49450662911512,10.94907600892926,14.927197540355015
72.37569475148214,10.867846241335416,17.447922682159966
72.3876604454262,10.830525065292083,24.242991862050765
72.52632763418028,10.77254757842844,11.09837583653688
72.61279222249257,10.780169413322126,15.929465515591126
72.45961274387065,10.931790730742252,14.490226408187368
72.47733283648626,10.883585557952523,10.138649699030122
72.42511154742495,10.888282100350622,9.429197155744845
72.38378311751919,10.835296970375438,9.370549325512496
72.4576933786643,10.797772500792544,13.738544025635589
72.57222148478463,10.755721526344479,23.735890434494433
72.48155793100966,10.90330426645996,14.159016588118185
72.37911605994042,10.779011277256116,4.911543500367424
72.40607746905535,10.755382878983745,12.613988857419452
72.5213375737379,10.838036091739923,14.263437156261801
72.42332773848975,10.769099163084553,12.95157706915553
72.40516087585381,10.929225796622987,0.1751651741780058
72.50402462787295,10.93599188575149,18.076128326689258
72.40156787841455,10.769516990791407,14.721050770233848
72.44001191052229,10.905696042958724,16.57126885373566
72.51426899563901,10.91184348581,0.9282594002843736
72.55366017610595,10.868744679426467,15.565732597187871
72.64420630654838,10.84423159360654,27.941367844604752
72.52989634582747,10.852143624370097,15.063787475091031
72.56036839912318,10.908001585910656,18.59636043609493
72.54450424440152,10.877646750657837,1.9511769026478754
72.62797424161283,10.769301477847367,20.33523806592197
72.60735914401185,10.757321485651648,17.16354715994908
72.45308403404458,10.898685890373773,18.048982893669454
72.40894424080795,10.789681851025886,7.083782571433009
72.35949485800273,10.93232149788272,20.50156077925607
72.41367174014272,10.800342779845248,8.424007900169427
72.43285220956808,10.795021206924503,11.409130347202497
72.59608598870398,10.780610349060556,20.56612463170328
72.55768094875492,10.768538684655418,26.47784759698512
72.48831377532201,10.918610358240102,11.497573581207686
72.59234135401081,10.775269638280438,19.037331729784135
72.36750710631308,10.921151117582859,10.70302036962839
72.57866705211399,10.822536260441018,0.4545350222333533
72.45424351638518,10.85199246665067,10.436783702545656
72.37239407815945,10.886277044228397,10.998206617949078
72.38914586936832,10.830363469252147,14.383596684173183
72.48276778337294,10.919030241380327,28.236204700291218
72.58267187094182,10.89734956714206,15.53006073568041
72.46155235099698,10.906262930581319,19.153928806333017
72.36043766099702,10.80128755263211,20.58689555474585
72.51105531834868,10.811589157765663,17.940609188828198
72.37673723700429,10.790589533253822,19.06108521332478
72.5534323638769,10.81281946646287,0.620997733608154
72.64359082897151,10.895577769166353,26.79442056514288
72.64126089313586,10.89923430304152,25.781636747128328
72.57027508213986,10.758227981141042,3.2513601594291384
72.39431170061067,10.776145177327859,12.965267189173431
72.64022565114854,10.94292172297327,4.78454321979351
72.6479169622896,10.82567560077373,9.448207091572193
72.45117144095826,10.804217649243615,20.795393484882517
72.40425341414944,10.928324137621255,11.158321210579116
72.57978214024645,10.79789726267576,28.545379846874567
72.5063692005082,10.815828925160332,17.74168257601888
72.6440369056799,10.893760746521453,9.525348208911282
72.61737567948299,10.76505627492586,22.215419995134678
72.53146076423175,10.756264057294738,10.008247413019475
72.42605151218618,10.949480057597286,28.548597999633294
72.57659591783069,10.762054668843449,26.943421499702588
72.57631226202129,10.812164158416163,6.4273085892062465
72.617020900322,10.94965092295607,21.310869574638005
72.51146741792769,10.94632603356355,21.38181757748791
72.64862920609018,10.805530545105517,22.12524441139341
72.45993409649368,10.854021199355078,16.102175461176806
72.43191561242061,10.916539283552757,7.74246928513652
72.43975760742671,10.778403515453142,7.361755870622765
72.51122278625621,10.841015880508937,26.50063502979591
72.48900382322626,10.779460952086415,15.994527491257054
72.52133488558405,10.889055702227502,2.9332105965936672
72.64632573906076,10.866289821142482,3.3981456224721596
72.4848598623208,10.77298189594149,2.2389080884282366
72.44228530953262,10.781700066668076,28.65259935229117
72.3720147523053,10.751686388614836,6.108478318394376
72.42916244846113,10.761256374953197,28.651640754179034
72.53355187235157,10.86788303916153,29.428110695299107
72.6040564669702,10.853132879598833,2.785117826918805
72.39705870500521,10.936926106611061,5.0948672768853465
72.58576210134584,10.90652552319812,8.968310067972153
72.41547025126746,10.91893910795297,27.751579503864555
72.63445924351339,10.851165780146012,6.537609297738919
72.46009520156586,10.883431968229209,11.97887422674468
72.36289668163906,10.84379018935729,24.893854756562572
72.4734944848669,10.7917649403231,16.328096443338545
72.43690432686138,10.793722171915974,27.401942723585048
72.49659871163506,10.867099334478905,27.101386064391207
72.3733378366372,10.88711337790211,10.744980347119736
72.52406086231062,10.932031244482177,8.315696460548462
